[
{
  "model": "polls.question",
  "pk": 2,
  "fields": {
    "question_text": "What is your favorite restaurant near BTS Kasetsart University Station?",
    "pub_date": "2023-08-31T08:59:02Z",
    "end_date": null
  }
},
{
  "model": "polls.question",
  "pk": 3,
  "fields": {
    "question_text": "What is your favorite place where you like to read books?",
    "pub_date": "2023-08-31T09:01:41Z",
    "end_date": "2023-09-09T03:40:01Z"
  }
},
{
  "model": "polls.question",
  "pk": 4,
  "fields": {
    "question_text": "If you could have one superpower, what would it be?",
    "pub_date": "2023-09-06T08:01:26Z",
    "end_date": null
  }
},
{
  "model": "polls.question",
  "pk": 5,
  "fields": {
    "question_text": "If you could time travel, where would you go?",
    "pub_date": "2023-09-08T06:46:16Z",
    "end_date": null
  }
},
{
  "model": "polls.question",
  "pk": 6,
  "fields": {
    "question_text": "What's your biggest pet peeve?",
    "pub_date": "2023-09-08T06:46:31Z",
    "end_date": null
  }
},
{
  "model": "polls.choice",
  "pk": 4,
  "fields": {
    "question": 2,
    "choice_text": "Shinkanzen Sushi"
  }
},
{
  "model": "polls.choice",
  "pk": 5,
  "fields": {
    "question": 2,
    "choice_text": "Gorilla Grill"
  }
},
{
  "model": "polls.choice",
  "pk": 6,
  "fields": {
    "question": 2,
    "choice_text": "Hotto Bun"
  }
},
{
  "model": "polls.choice",
  "pk": 7,
  "fields": {
    "question": 2,
    "choice_text": "Bar B.Q. Terrace"
  }
},
{
  "model": "polls.choice",
  "pk": 8,
  "fields": {
    "question": 2,
    "choice_text": "MaxBeef Yakiniku"
  }
},
{
  "model": "polls.choice",
  "pk": 9,
  "fields": {
    "question": 2,
    "choice_text": "Yangnoey"
  }
},
{
  "model": "polls.choice",
  "pk": 10,
  "fields": {
    "question": 2,
    "choice_text": "SaM SteakandMore"
  }
},
{
  "model": "polls.choice",
  "pk": 11,
  "fields": {
    "question": 2,
    "choice_text": "Kuma Shabu"
  }
},
{
  "model": "polls.choice",
  "pk": 12,
  "fields": {
    "question": 3,
    "choice_text": "KU Library"
  }
},
{
  "model": "polls.choice",
  "pk": 13,
  "fields": {
    "question": 3,
    "choice_text": "Too Fast To Sleep at KU"
  }
},
{
  "model": "polls.choice",
  "pk": 14,
  "fields": {
    "question": 3,
    "choice_text": "KU Cafeteria"
  }
},
{
  "model": "polls.choice",
  "pk": 15,
  "fields": {
    "question": 3,
    "choice_text": "Chakkapan Pensiri Building"
  }
},
{
  "model": "polls.choice",
  "pk": 16,
  "fields": {
    "question": 4,
    "choice_text": "Invisibility"
  }
},
{
  "model": "polls.choice",
  "pk": 17,
  "fields": {
    "question": 4,
    "choice_text": "Teleportation"
  }
},
{
  "model": "polls.choice",
  "pk": 18,
  "fields": {
    "question": 4,
    "choice_text": "Mind-reading"
  }
},
{
  "model": "polls.choice",
  "pk": 19,
  "fields": {
    "question": 4,
    "choice_text": "Flight"
  }
},
{
  "model": "polls.choice",
  "pk": 20,
  "fields": {
    "question": 4,
    "choice_text": "Healing touch"
  }
},
{
  "model": "polls.choice",
  "pk": 21,
  "fields": {
    "question": 4,
    "choice_text": "Super speed"
  }
},
{
  "model": "polls.choice",
  "pk": 22,
  "fields": {
    "question": 4,
    "choice_text": "Lie Detection"
  }
},
{
  "model": "polls.choice",
  "pk": 23,
  "fields": {
    "question": 5,
    "choice_text": "The future"
  }
},
{
  "model": "polls.choice",
  "pk": 24,
  "fields": {
    "question": 5,
    "choice_text": "Ancient Egypt"
  }
},
{
  "model": "polls.choice",
  "pk": 25,
  "fields": {
    "question": 5,
    "choice_text": "The 80s"
  }
},
{
  "model": "polls.choice",
  "pk": 26,
  "fields": {
    "question": 5,
    "choice_text": "The Renaissance"
  }
},
{
  "model": "polls.choice",
  "pk": 27,
  "fields": {
    "question": 5,
    "choice_text": "The 90s"
  }
},
{
  "model": "polls.choice",
  "pk": 28,
  "fields": {
    "question": 5,
    "choice_text": "The Roaring Twenties"
  }
},
{
  "model": "polls.choice",
  "pk": 29,
  "fields": {
    "question": 6,
    "choice_text": "People who talk during movies"
  }
},
{
  "model": "polls.choice",
  "pk": 30,
  "fields": {
    "question": 6,
    "choice_text": "Slow walkers"
  }
},
{
  "model": "polls.choice",
  "pk": 31,
  "fields": {
    "question": 6,
    "choice_text": "No Wi-Fi"
  }
},
{
  "model": "polls.choice",
  "pk": 32,
  "fields": {
    "question": 6,
    "choice_text": "People who chew loudly"
  }
},
{
  "model": "polls.choice",
  "pk": 33,
  "fields": {
    "question": 6,
    "choice_text": "Endless group texts"
  }
},
{
  "model": "polls.choice",
  "pk": 34,
  "fields": {
    "question": 6,
    "choice_text": "People who don't use turn signals"
  }
},
{
  "model": "polls.vote",
  "pk": 1,
  "fields": {
    "choice": 27,
    "user": 2
  }
},
{
  "model": "polls.vote",
  "pk": 2,
  "fields": {
    "choice": 9,
    "user": 2
  }
},
{
  "model": "polls.vote",
  "pk": 3,
  "fields": {
    "choice": 34,
    "user": 2
  }
},
{
  "model": "polls.vote",
  "pk": 4,
  "fields": {
    "choice": 16,
    "user": 2
  }
},
{
  "model": "polls.vote",
  "pk": 5,
  "fields": {
    "choice": 19,
    "user": 1
  }
},
{
  "model": "polls.vote",
  "pk": 6,
  "fields": {
    "choice": 23,
    "user": 1
  }
},
{
  "model": "polls.vote",
  "pk": 7,
  "fields": {
    "choice": 30,
    "user": 4
  }
},
{
  "model": "polls.vote",
  "pk": 8,
  "fields": {
    "choice": 31,
    "user": 1
  }
}
]
